-- phpMyAdmin SQL Dump
-- version phpStudy 2014
-- http://www.phpmyadmin.net
--
-- 主机: localhost
-- 生成日期: 2017 年 10 月 30 日 03:36
-- 服务器版本: 5.5.53
-- PHP 版本: 5.4.45

SET SQL_MODE="NO_AUTO_VALUE_ON_ZERO";
SET time_zone = "+00:00";


/*!40101 SET @OLD_CHARACTER_SET_CLIENT=@@CHARACTER_SET_CLIENT */;
/*!40101 SET @OLD_CHARACTER_SET_RESULTS=@@CHARACTER_SET_RESULTS */;
/*!40101 SET @OLD_COLLATION_CONNECTION=@@COLLATION_CONNECTION */;
/*!40101 SET NAMES utf8 */;

--
-- 数据库: `ledlight`
--
CREATE DATABASE `ledlight` DEFAULT CHARACTER SET utf8 COLLATE utf8_general_ci;
USE `ledlight`;

-- --------------------------------------------------------

--
-- 表的结构 `pre_admin`
--

CREATE TABLE IF NOT EXISTS `pre_admin` (
  `admin_id` int(11) NOT NULL AUTO_INCREMENT COMMENT '管理员主键',
  `admin_name` varchar(50) NOT NULL COMMENT '账号',
  `admin_pwd` varchar(32) NOT NULL COMMENT '密码',
  `admin_time` int(11) NOT NULL COMMENT '注册时间',
  PRIMARY KEY (`admin_id`)
) ENGINE=MyISAM  DEFAULT CHARSET=utf8 COMMENT='管理员表' AUTO_INCREMENT=2 ;

--
-- 转存表中的数据 `pre_admin`
--

INSERT INTO `pre_admin` (`admin_id`, `admin_name`, `admin_pwd`, `admin_time`) VALUES
(1, 'root', 'e10adc3949ba59abbe56e057f20f883e', 1508457600);

-- --------------------------------------------------------

--
-- 表的结构 `pre_article`
--

CREATE TABLE IF NOT EXISTS `pre_article` (
  `art_id` int(11) NOT NULL AUTO_INCREMENT COMMENT '文章主键',
  `art_title` varchar(255) NOT NULL COMMENT '文章标题',
  `art_stitle` varchar(255) NOT NULL COMMENT '小标题',
  `art_img` varchar(255) NOT NULL COMMENT '文章图片',
  `art_time` int(11) NOT NULL COMMENT '添加时间',
  `art_author` varchar(80) NOT NULL COMMENT '作者',
  `art_content` text NOT NULL COMMENT '文章内容',
  `art_content2` text NOT NULL COMMENT '内容二',
  `art_message` text NOT NULL COMMENT '基本信息',
  `cate_id` int(11) NOT NULL COMMENT '分类外键',
  PRIMARY KEY (`art_id`)
) ENGINE=MyISAM  DEFAULT CHARSET=utf8 COMMENT='文章分类表' AUTO_INCREMENT=61 ;

--
-- 转存表中的数据 `pre_article`
--

INSERT INTO `pre_article` (`art_id`, `art_title`, `art_stitle`, `art_img`, `art_time`, `art_author`, `art_content`, `art_content2`, `art_message`, `cate_id`) VALUES
(1, '公司简介', '', '', 0, '', ' <span>大冶市云阿拉丁科技有限公司创建于2015年1月5日，总部位于青铜故里——大冶市。公司致力于帮助传统行业实现在互联网时代</span>', '', '0', 1),
(2, '企业文化', '', '', 0, '', '<spqn>1、开放：永远保持开放的心态和对新鲜事物的兴趣，具有国际化观念，包容吸纳精神和追求进取的健康心态；竭诚欢迎来自五湖四海的各路人才汇集在神舟公司的旗下，融合于神舟光电公司的企业文化之中。</spqn>\n\n<span>2、学习：学习产品知识，学习经营管理，学习做人做事，养成学习习惯，营造学习氛围，培养学习型团队。</span>\n\n<span>3、专业：掌握专精的知识与技能，成为行家里手；提供最专业的服务让客户满意。<span>', '', '0', 1),
(3, '经营理念', '', '', 0, '', '<p>经营理念是企业在经营上应该达到的全面性境界。因此也可以说是企业追求利益、经营战术战略的核心，经营思想、意识、方法提纲挚领的心脏，董事长、总经理以及第一线全体人员行动的总目标、指针。所以不能轻易去更改。经营理念如果拿法律来举例的话，可以拿宪法来做比喻。宪法是国家的基本法，也是所有法律命令的产生渊源，所以每一个国家都设有宪法不能轻易变更的规定。经营理念在企业里面，就像宪法在一个国家的许多法律中占有其不可摇动的地位一样，有其超然的尊严和价值，是不能随便更改修正的。</p>', '', '0', 1),
(4, '公司历程', '', '', 0, '', '<p>回顾历程 展望未来</p>\r\n<span>春华秋实，硕果累累，在这充满收获和希望的季节里，在这洋溢着欢笑和喜庆的日子里，我们迎来了XX公司跨越式发展的第三年，回顾公司发展所走过的成长历程，感慨万千，笑与泪中都带着希望；展望未来一个又一年，我们将用满腔的热情和踏实的行动，共同谱写辉煌灿烂的明天。　　两年，在历史的长河中或许只是短暂的一瞬，然而对于正在日渐发展壮大的XX公司来说则经历了一个由幼稚到成熟、弱小到强大的蜕变过程。</span>', '', '0', 1),
(5, '社会责任', '', '', 0, '', '<span>成立于2012年的珠海绿金能控科技有限公司是一家集节能研发、节能评估、节能产品采购、节能改造工程服务于一身的整体节能运营商。它以自主知识产权的节能专利技术、完整的供应链资源和完善的服务体系等基础，以国家新能源产业发展政策为导向，致力于工业，商业建筑，家庭的投资项目节能评估、能源审计和规划、能源优化方案设计、整体节能改造、合同能源管理等节能服务</sapn>', '', '0', 1),
(6, '芯片封装', '', 'assets/home/images/index_nav01.png', 0, '', '这里将介绍一些常用的IC封装原理及功能特性，通过了解各种类型IC的封装，电子工程师在设计电子电路原理时，可以准确地选择IC，而对于工厂批量生产烧录，更可以快速地找到对应IC封装的烧录座型号。', '', ' <li><span>产品名称：</span>芯片封装</li>\n                                <li><span>产品型号：</span>ASP-04AL-F02</li>\n                                <li><span>色温：</span>2700K / 4200</li>', 2),
(7, 'LED电源', 'LED T8灯管0.6M', 'assets/home/images/index_nav02.png', 0, '', '这里将介绍一些常用的IC封装原理及功能特性，通过了解各种类型IC的封装，电子工程师在设计电子电路原理时，可以准确地选择IC，而对于工厂批量生产烧录，更可以快速地找到对应IC封装的烧录座型号。', '', '   <li><span>产品名称：</span>LED电源</li>\n                                <li><span>产品型号：</span>ASP-04AL-F02 A45</li>\n                                <li><span>消耗功率：</span>200LW / 310LW / 320LW</li>\n                                <li><span>色温：</span>2700K / 4200</li>', 2),
(8, 'LED T8灯管', 'LED T8灯管0.6M', 'assets/home/images/index_nav03.png', 0, '', '这里将介绍一些常用的IC封装原理及功能特性，通过了解各种类型IC的封装，电子工程师在设计电子电路原理时，可以准确地选择IC，而对于工厂批量生产烧录，更可以快速地找到对应IC封装的烧录座型号。', '', ' <li><span>产品名称：</span>5W LED 可调光射灯 MR16</li>\n                                <li><span>产品型号：</span>ASP-04AL-F02 A02 / F01 / A0</li>\n                                <li><span>消耗功率：</span>200LW / 310LW / 320LW</li>\n                                <li><span>色温：</span>2700K / 4200</li>', 2),
(9, '通讯模块', 'LED T8灯管0.6M', 'assets/home/images/index_nav04.png', 0, '', '这里将介绍一些常用的IC封装原理及功能特性，通过了解各种类型IC的封装，电子工程师在设计电子电路原理时，可以准确地选择IC，而对于工厂批量生产烧录，更可以快速地找到对应IC封装的烧录座型号。', '', '   <li><span>产品名称：</span>通讯模块</li>\n                                <li><span>产品型号：</span>ASP-A45</li>\n                                <li><span>消耗功率：</span>200LW / 320LW</li>\n                                <li><span>色温：</span>2700K / 4200</li>', 2),
(10, '芯片封装', 'LED T8灯管0.6M', 'assets/home/images/index_nav01.png', 0, '', '这里将介绍一些常用的IC封装原理及功能特性，通过了解各种类型IC的封装，电子工程师在设计电子电路原理时，可以准确地选择IC，而对于工厂批量生产烧录，更可以快速地找到对应IC封装的烧录座型号。', '', ' <li><span>产品名称：</span>芯片封装</li>\n                                <li><span>产品型号：</span>ASP-04AL-F02</li>\n                                <li><span>色温：</span>2700K / 4200</li>', 2),
(11, '芯片封装', 'LED T8灯管0.6M', 'assets/home/images/index_nav01.png', 0, '', '这里将介绍一些常用的IC封装原理及功能特性，通过了解各种类型IC的封装，电子工程师在设计电子电路原理时，可以准确地选择IC，而对于工厂批量生产烧录，更可以快速地找到对应IC封装的烧录座型号。', '', ' <li><span>产品名称：</span>芯片封装</li>\n                                <li><span>产品型号：</span>ASP-04AL-F02</li>\n                                <li><span>色温：</span>2700K / 4200</li>', 2),
(12, '芯片封装', '', 'assets/home/images/index_nav01.png', 0, '', '这里将介绍一些常用的IC封装原理及功能特性，通过了解各种类型IC的封装，电子工程师在设计电子电路原理时，可以准确地选择IC，而对于工厂批量生产烧录，更可以快速地找到对应IC封装的烧录座型号。', '', ' <li><span>产品名称：</span>芯片封装</li>\n                                <li><span>产品型号：</span>ASP-04AL-F02</li>\n                                <li><span>色温：</span>2700K / 4200</li>', 2),
(23, '通讯模块', '', 'assets/home/images/index_nav04.png', 0, '', ' 盖带是指一种应用于电子包装领域的带状产品。可在外力或加热的情况下封合在载带的表面，形成闭合的空间，用于保护、包装电子元器件。\n                                        【产品特性】RBS002上盖带，对于PS/ABS等多项材质之载带具稳定性能，可提供电子元件良好之包装、保护、运送及表面着装等特性。', '', '   <li><span>产品名称：</span>通讯模块</li>\n                                <li><span>产品型号：</span>ASP-A45</li>\n                                <li><span>消耗功率：</span>200LW / 320LW</li>\n                                <li><span>色温：</span>2700K / 4200</li>', 2),
(13, 'LED电源', '', 'assets/home/images/index_nav02.png', 0, '', '这里将介绍一些常用的IC封装原理及功能特性，通过了解各种类型IC的封装，电子工程师在设计电子电路原理时，可以准确地选择IC，而对于工厂批量生产烧录，更可以快速地找到对应IC封装的烧录座型号。', '', '   <li><span>产品名称：</span>LED电源</li>\n                                <li><span>产品型号：</span>ASP-04AL-F02 A45</li>\n                                <li><span>消耗功率：</span>200LW / 310LW / 320LW</li>\n                                <li><span>色温：</span>2700K / 4200</li>', 2),
(14, 'LED电源', '', 'assets/home/images/index_nav02.png', 0, '', '这里将介绍一些常用的IC封装原理及功能特性，通过了解各种类型IC的封装，电子工程师在设计电子电路原理时，可以准确地选择IC，而对于工厂批量生产烧录，更可以快速地找到对应IC封装的烧录座型号。', '', '   <li><span>产品名称：</span>LED电源</li>\n                                <li><span>产品型号：</span>ASP-04AL-F02 A45</li>\n                                <li><span>消耗功率：</span>200LW / 310LW / 320LW</li>\n                                <li><span>色温：</span>2700K / 4200</li>', 2),
(24, '通讯模块', '', 'assets/home/images/index_nav04.png', 0, '', ' 盖带是指一种应用于电子包装领域的带状产品。可在外力或加热的情况下封合在载带的表面，形成闭合的空间，用于保护、包装电子元器件。\r\n                                        【产品特性】RBS002上盖带，对于PS/ABS等多项材质之载带具稳定性能，可提供电子元件良好之包装、保护、运送及表面着装等特性。', '', '   <li><span>产品名称：</span>通讯模块</li>\n                                <li><span>产品型号：</span>ASP-A45</li>\n                                <li><span>消耗功率：</span>200LW / 320LW</li>\n                                <li><span>色温：</span>2700K / 4200</li>', 2),
(15, 'LED电源', '', 'assets/home/images/index_nav02.png', 0, '', ' 盖带是指一种应用于电子包装领域的带状产品。可在外力或加热的情况下封合在载带的表面，形成闭合的空间，用于保护、包装电子元器件。\n                                        【产品特性】RBS002上盖带，对于PS/ABS等多项材质之载带具稳定性能，可提供电子元件良好之包装、保护、运送及表面着装等特性。', '', '   <li><span>产品名称：</span>LED电源</li>\n                                <li><span>产品型号：</span>ASP-04AL-F02 A45</li>\n                                <li><span>消耗功率：</span>200LW / 310LW / 320LW</li>\n                                <li><span>色温：</span>2700K / 4200</li>', 2),
(16, 'LED电源', '', 'assets/home/images/index_nav02.png', 0, '', ' 盖带是指一种应用于电子包装领域的带状产品。可在外力或加热的情况下封合在载带的表面，形成闭合的空间，用于保护、包装电子元器件。\n                                        【产品特性】RBS002上盖带，对于PS/ABS等多项材质之载带具稳定性能，可提供电子元件良好之包装、保护、运送及表面着装等特性。', '', '   <li><span>产品名称：</span>LED电源</li>\n                                <li><span>产品型号：</span>ASP-04AL-F02 A45</li>\n                                <li><span>消耗功率：</span>200LW / 310LW / 320LW</li>\n                                <li><span>色温：</span>2700K / 4200</li>', 2),
(17, 'LED T8灯管0.6M', 'LED T8灯管0.6M', 'assets/home/images/index_nav03.png', 0, '', ' 盖带是指一种应用于电子包装领域的带状产品。可在外力或加热的情况下封合在载带的表面，形成闭合的空间，用于保护、包装电子元器件。\n                                        【产品特性】RBS002上盖带，对于PS/ABS等多项材质之载带具稳定性能，可提供电子元件良好之包装、保护、运送及表面着装等特性。', '蓝光光子的能量高，可以激发荧光。一般用蓝光LED的蓝光打在荧光粉上产生黄光，黄光被蓝光激发出后，它们一起从LED里射出来，我们感觉是看到了白光，其实这只是蓝与黄两种颜色混合在一起的复合光。', ' <li><span>产品名称：</span>5W LED 可调光射灯 MR16</li>\n                                <li><span>产品型号：</span>ASP-04AL-F02 A02 / F01 / A0</li>\n                                <li><span>消耗功率：</span>200LW / 310LW / 320LW</li>\n                                <li><span>色温：</span>2700K / 4200</li>', 2),
(18, 'LED T8灯管0.6M', 'LED T8灯管0.6M', 'assets/home/images/index_nav03.png', 0, '', ' 盖带是指一种应用于电子包装领域的带状产品。可在外力或加热的情况下封合在载带的表面，形成闭合的空间，用于保护、包装电子元器件。\n                                        【产品特性】RBS002上盖带，对于PS/ABS等多项材质之载带具稳定性能，可提供电子元件良好之包装、保护、运送及表面着装等特性。', '蓝光光子的能量高，可以激发荧光。一般用蓝光LED的蓝光打在荧光粉上产生黄光，黄光被蓝光激发出后，它们一起从LED里射出来，我们感觉是看到了白光，其实这只是蓝与黄两种颜色混合在一起的复合光。', ' <li><span>产品名称：</span>5W LED 可调光射灯 MR16</li>\n                                <li><span>产品型号：</span>ASP-04AL-F02 A02 / F01 / A0</li>\n                                <li><span>消耗功率：</span>200LW / 310LW / 320LW</li>\n                                <li><span>色温：</span>2700K / 4200</li>', 2),
(19, 'LED T8灯管0.6M', 'LED T8灯管0.6M', 'assets/home/images/index_nav03.png', 0, '', ' 盖带是指一种应用于电子包装领域的带状产品。可在外力或加热的情况下封合在载带的表面，形成闭合的空间，用于保护、包装电子元器件。\n                                        【产品特性】RBS002上盖带，对于PS/ABS等多项材质之载带具稳定性能，可提供电子元件良好之包装、保护、运送及表面着装等特性。', '蓝光光子的能量高，可以激发荧光。一般用蓝光LED的蓝光打在荧光粉上产生黄光，黄光被蓝光激发出后，它们一起从LED里射出来，我们感觉是看到了白光，其实这只是蓝与黄两种颜色混合在一起的复合光。', ' <li><span>产品名称：</span>5W LED 可调光射灯 MR16</li>\n                                <li><span>产品型号：</span>ASP-04AL-F02 A02 / F01 / A0</li>\n                                <li><span>消耗功率：</span>200LW / 310LW / 320LW</li>\n                                <li><span>色温：</span>2700K / 4200</li>', 2),
(20, 'LED T8灯管0.6M', 'LED T8灯管0.6M', 'assets/home/images/index_nav03.png', 0, '', ' 盖带是指一种应用于电子包装领域的带状产品。可在外力或加热的情况下封合在载带的表面，形成闭合的空间，用于保护、包装电子元器件。\n                                        【产品特性】RBS002上盖带，对于PS/ABS等多项材质之载带具稳定性能，可提供电子元件良好之包装、保护、运送及表面着装等特性。', '蓝光光子的能量高，可以激发荧光。一般用蓝光LED的蓝光打在荧光粉上产生黄光，黄光被蓝光激发出后，它们一起从LED里射出来，我们感觉是看到了白光，其实这只是蓝与黄两种颜色混合在一起的复合光。', ' <li><span>产品名称：</span>5W LED 可调光射灯 MR16</li>\n                                <li><span>产品型号：</span>ASP-04AL-F02 A02 / F01 / A0</li>\n                                <li><span>消耗功率：</span>200LW / 310LW / 320LW</li>\n                                <li><span>色温：</span>2700K / 4200</li>', 2),
(21, 'LED T8灯管0.6M', 'LED T8灯管0.6M', 'assets/home/images/index_nav03.png', 0, '', ' 盖带是指一种应用于电子包装领域的带状产品。可在外力或加热的情况下封合在载带的表面，形成闭合的空间，用于保护、包装电子元器件。\n                                        【产品特性】RBS002上盖带，对于PS/ABS等多项材质之载带具稳定性能，可提供电子元件良好之包装、保护、运送及表面着装等特性。', '蓝光光子的能量高，可以激发荧光。一般用蓝光LED的蓝光打在荧光粉上产生黄光，黄光被蓝光激发出后，它们一起从LED里射出来，我们感觉是看到了白光，其实这只是蓝与黄两种颜色混合在一起的复合光。', ' <li><span>产品名称：</span>5W LED 可调光射灯 MR16</li>\n                                <li><span>产品型号：</span>ASP-04AL-F02 A02 / F01 / A0</li>\n                                <li><span>消耗功率：</span>200LW / 310LW / 320LW</li>\n                                <li><span>色温：</span>2700K / 4200</li>', 2),
(22, 'LED T8灯管0.6M', 'LED T8灯管0.6M', 'assets/home/images/index_nav03.png', 0, '', ' 盖带是指一种应用于电子包装领域的带状产品。可在外力或加热的情况下封合在载带的表面，形成闭合的空间，用于保护、包装电子元器件。\n                                        【产品特性】RBS002上盖带，对于PS/ABS等多项材质之载带具稳定性能，可提供电子元件良好之包装、保护、运送及表面着装等特性。', '蓝光光子的能量高，可以激发荧光。一般用蓝光LED的蓝光打在荧光粉上产生黄光，黄光被蓝光激发出后，它们一起从LED里射出来，我们感觉是看到了白光，其实这只是蓝与黄两种颜色混合在一起的复合光。', ' <li><span>产品名称：</span>5W LED 可调光射灯 MR16</li>\n                                <li><span>产品型号：</span>ASP-04AL-F02 A02 / F01 / A0</li>\n                                <li><span>消耗功率：</span>200LW / 310LW / 320LW</li>\n                                <li><span>色温：</span>2700K / 4200</li>', 2),
(25, '创变2012—走进新成立的灯具国内业务本部', '', '', 20160516, '', '大冶市云阿拉丁科技有限公司创建于2015年1月5日，总部位于青铜故里——大冶市。公司致力于帮助传统行业实现在互联网时代', '', '', 3),
(26, '创变2012—走进新成立的灯具国内业务本部', '', '', 20160516, '', '大冶市云阿拉丁科技有限公司创建于2015年1月5日，总部位于青铜故里——大冶市。公司致力于帮助传统行业实现在互联网时代', '', '', 3),
(27, '创变2012—走进新成立的灯具国内业务本部', '', '', 20160516, '', '大冶市云阿拉丁科技有限公司创建于2015年1月5日，总部位于青铜故里——大冶市。公司致力于帮助传统行业实现在互联网时代', '', '', 3),
(28, '创变2012—走进新成立的灯具国内业务本部', '', '', 20160516, '', '大冶市云阿拉丁科技有限公司创建于2015年1月5日，总部位于青铜故里——大冶市。公司致力于帮助传统行业实现在互联网时代', '', '', 3),
(29, '创变2012—走进新成立的灯具国内业务本部', '', '', 20160516, '', '大冶市云阿拉丁科技有限公司创建于2015年1月5日，总部位于青铜故里——大冶市。公司致力于帮助传统行业实现在互联网时代', '', '', 3),
(30, '创变2012—走进新成立的灯具国内业务本部', '', '', 20160516, '', '大冶市云阿拉丁科技有限公司创建于2015年1月5日，总部位于青铜故里——大冶市。公司致力于帮助传统行业实现在互联网时代', '', '', 3),
(31, 'LED灯具国内业务市场研讨会 LED灯具国内业务', '', '', 20160516, '', '这里将介绍一些常用的IC封装原理及功能特性，通过了解各种类型IC的封装，电子工程师在设计电子电路原理时，可以准确地选择IC，而对于工厂批量生产烧录，更可以快速地找到对应IC封装的烧录座型号。', '', '', 3),
(32, 'LED灯具国内业务市场研讨会 LED灯具国内业务', '', '', 20160516, '', '这里将介绍一些常用的IC封装原理及功能特性，通过了解各种类型IC的封装，电子工程师在设计电子电路原理时，可以准确地选择IC，而对于工厂批量生产烧录，更可以快速地找到对应IC封装的烧录座型号。', '', '', 3),
(33, 'LED灯具国内业务市场研讨会 LED灯具国内业务', '', '', 20160516, '', '这里将介绍一些常用的IC封装原理及功能特性，通过了解各种类型IC的封装，电子工程师在设计电子电路原理时，可以准确地选择IC，而对于工厂批量生产烧录，更可以快速地找到对应IC封装的烧录座型号。', '', '', 3),
(34, 'LED灯具国内业务市场研讨会 LED灯具国内业务', '', '', 20160516, '', '大冶市云阿拉丁科技有限公司创建于2015年1月5日，总部位于青铜故里——大冶市。公司致力于帮助传统行业实现在互联网时代', '', '', 3),
(35, 'LED灯具国内业务市场研讨会 LED灯具国内业务', '', '', 20160516, '', '这里将介绍一些常用的IC封装原理及功能特性，通过了解各种类型IC的封装，电子工程师在设计电子电路原理时，可以准确地选择IC，而对于工厂批量生产烧录，更可以快速地找到对应IC封装的烧录座型号。', '', '', 3),
(36, 'LED灯具国内业务市场研讨会 LED灯具国内业务', '', '', 20160516, '', '这里将介绍一些常用的IC封装原理及功能特性，通过了解各种类型IC的封装，电子工程师在设计电子电路原理时，可以准确地选择IC，而对于工厂批量生产烧录，更可以快速地找到对应IC封装的烧录座型号。', '', '', 3),
(37, '优惠', '', '', 20170406, '', '高效的LED射灯产品，仅仅只消耗了5W的电压，真正意义降低的能源', '', '', 3),
(38, '优惠', '', '', 20170406, '', '高效的LED射灯产品，仅仅只消耗了5W的电压，真正意义降低的能源', '', '', 3),
(39, '优惠', '', '', 20170406, '', '高效的LED射灯产品，仅仅只消耗了5W的电压，真正意义降低的能源', '', '', 3),
(40, '优惠', '', '', 20170406, '', '高效的LED射灯产品，仅仅只消耗了5W的电压，真正意义降低的能源', '', '', 3),
(41, '优惠', '', '', 20170406, '', '高效的LED射灯产品，仅仅只消耗了5W的电压，真正意义降低的能源', '', '', 3),
(42, '优惠', '', '', 20170406, '', '高效的LED射灯产品，仅仅只消耗了5W的电压，真正意义降低的能源', '', '', 3),
(43, '惠州市重点路段LED路灯项目', '', 'assets/home/images/cast_list_01.jpg', 0, '', '大冶市云阿拉丁科技有限公司创建于2015年1月5日，总部位于青铜故里——大冶市。公司致力于帮助传统行业实现在互联网时代', '', '', 4),
(44, '惠州市重点路段LED路灯项目', '', 'assets/home/images/cast_list_01.jpg', 0, '', '大冶市云阿拉丁科技有限公司创建于2015年1月5日，总部位于青铜故里——大冶市。公司致力于帮助传统行业实现在互联网时代', '', '', 4),
(45, '惠州市重点路段LED路灯项目', '', 'assets/home/images/cast_list_01.jpg', 0, '', '大冶市云阿拉丁科技有限公司创建于2015年1月5日，总部位于青铜故里——大冶市。公司致力于帮助传统行业实现在互联网时代', '', '', 4),
(46, '惠州市重点路段LED路灯项目', '', 'assets/home/images/cast_list_01.jpg', 0, '', '大冶市云阿拉丁科技有限公司创建于2015年1月5日，总部位于青铜故里——大冶市。公司致力于帮助传统行业实现在互联网时代', '', '', 4),
(47, '惠州市重点路段LED路灯项目', '', 'assets/home/images/cast_list_01.jpg', 0, '', '大冶市云阿拉丁科技有限公司创建于2015年1月5日，总部位于青铜故里——大冶市。公司致力于帮助传统行业实现在互联网时代', '', '', 4),
(48, 'LED灯具国内业务', '', 'assets/home/images/cast_list02.jpg', 0, '', '蓝光光子的能量高，可以激发荧光。一般用蓝光LED的蓝光打在荧光粉上产生黄光，黄光被蓝光激发出后，它们一起从LED里射出来，我们感觉是看到了白光，其实这只是蓝与黄两种颜色混合在一起的复合光。', '', '', 4),
(49, 'LED灯具国内业务', '', 'assets/home/images/cast_list02.jpg', 0, '', '蓝光光子的能量高，可以激发荧光。一般用蓝光LED的蓝光打在荧光粉上产生黄光，黄光被蓝光激发出后，它们一起从LED里射出来，我们感觉是看到了白光，其实这只是蓝与黄两种颜色混合在一起的复合光。', '', '', 4),
(50, 'LED灯具国内业务', '', 'assets/home/images/cast_list02.jpg', 0, '', '蓝光光子的能量高，可以激发荧光。一般用蓝光LED的蓝光打在荧光粉上产生黄光，黄光被蓝光激发出后，它们一起从LED里射出来，我们感觉是看到了白光，其实这只是蓝与黄两种颜色混合在一起的复合光。', '', '', 4),
(51, 'LED灯具国内业务', '', 'assets/home/images/cast_list02.jpg', 0, '', '蓝光光子的能量高，可以激发荧光。一般用蓝光LED的蓝光打在荧光粉上产生黄光，黄光被蓝光激发出后，它们一起从LED里射出来，我们感觉是看到了白光，其实这只是蓝与黄两种颜色混合在一起的复合光。', '', '', 4),
(52, 'LED灯具国内业务', '', 'assets/home/images/cast_list02.jpg', 0, '', '蓝光光子的能量高，可以激发荧光。一般用蓝光LED的蓝光打在荧光粉上产生黄光，黄光被蓝光激发出后，它们一起从LED里射出来，我们感觉是看到了白光，其实这只是蓝与黄两种颜色混合在一起的复合光。', '', '', 4),
(53, '商务型自选模版', '', 'assets/home/images/cast_list_01.jpg', 0, '', '是香港闻名生物科技有限公司旗下的一个品牌。公司集开发、生产、销售为一体，塑造天然，原生态产品，致力打造健康，美丽的核心宗旨。同时也为移动互联网低门槛创业创造一个平台，支持有梦人士创业，实现梦想的舞台。', '', '', 4),
(54, '商务型自选模版', '', 'assets/home/images/cast_list_01.jpg', 0, '', '是香港闻名生物科技有限公司旗下的一个品牌。公司集开发、生产、销售为一体，塑造天然，原生态产品，致力打造健康，美丽的核心宗旨。同时也为移动互联网低门槛创业创造一个平台，支持有梦人士创业，实现梦想的舞台。', '', '', 4),
(55, '商务型自选模版', '', 'assets/home/images/cast_list_01.jpg', 0, '', '是香港闻名生物科技有限公司旗下的一个品牌。公司集开发、生产、销售为一体，塑造天然，原生态产品，致力打造健康，美丽的核心宗旨。同时也为移动互联网低门槛创业创造一个平台，支持有梦人士创业，实现梦想的舞台。', '', '', 4),
(56, '商务型自选模版', '', 'assets/home/images/cast_list_01.jpg', 0, '', '是香港闻名生物科技有限公司旗下的一个品牌。公司集开发、生产、销售为一体，塑造天然，原生态产品，致力打造健康，美丽的核心宗旨。同时也为移动互联网低门槛创业创造一个平台，支持有梦人士创业，实现梦想的舞台。', '', '', 4),
(57, '商务型自选模版', '', 'assets/home/images/cast_list_01.jpg', 0, '', '是香港闻名生物科技有限公司旗下的一个品牌。公司集开发、生产、销售为一体，塑造天然，原生态产品，致力打造健康，美丽的核心宗旨。同时也为移动互联网低门槛创业创造一个平台，支持有梦人士创业，实现梦想的舞台。', '', '', 4),
(58, 'hasubca', '2121', '', 0, '', '', '', '', 5),
(60, 'CSDNCS', '', 'uploads/201710270356137297298.jpg', 1509062400, 'YSBA', 'CSDSC', '', '', 2);

-- --------------------------------------------------------

--
-- 表的结构 `pre_article_data`
--

CREATE TABLE IF NOT EXISTS `pre_article_data` (
  `data_id` int(11) NOT NULL AUTO_INCREMENT COMMENT '关系表主键',
  `art_id` int(11) NOT NULL COMMENT '文章外键',
  `tag_id` int(11) NOT NULL COMMENT '标签外键',
  PRIMARY KEY (`data_id`)
) ENGINE=MyISAM  DEFAULT CHARSET=utf8 COMMENT='文章和标签的关系表' AUTO_INCREMENT=63 ;

--
-- 转存表中的数据 `pre_article_data`
--

INSERT INTO `pre_article_data` (`data_id`, `art_id`, `tag_id`) VALUES
(1, 1, 1),
(2, 2, 2),
(3, 3, 3),
(4, 4, 4),
(5, 5, 5),
(6, 6, 6),
(7, 7, 7),
(8, 8, 8),
(9, 9, 9),
(10, 10, 6),
(11, 11, 6),
(12, 12, 6),
(13, 13, 7),
(14, 14, 7),
(15, 15, 7),
(16, 16, 7),
(17, 17, 8),
(18, 18, 8),
(19, 19, 8),
(20, 20, 8),
(21, 21, 8),
(22, 22, 8),
(23, 23, 9),
(24, 24, 9),
(25, 25, 10),
(26, 26, 10),
(27, 27, 10),
(28, 28, 10),
(29, 29, 10),
(30, 30, 10),
(31, 31, 11),
(32, 32, 11),
(33, 33, 11),
(34, 34, 11),
(35, 35, 11),
(36, 36, 11),
(37, 37, 12),
(38, 38, 12),
(39, 39, 12),
(40, 40, 12),
(41, 41, 12),
(42, 42, 12),
(43, 43, 13),
(44, 44, 13),
(45, 45, 13),
(46, 46, 13),
(47, 47, 13),
(48, 48, 14),
(49, 49, 14),
(50, 50, 14),
(51, 51, 14),
(52, 52, 14),
(53, 53, 15),
(54, 54, 15),
(55, 55, 15),
(56, 56, 15),
(57, 57, 15),
(62, 60, 6);

-- --------------------------------------------------------

--
-- 表的结构 `pre_cate`
--

CREATE TABLE IF NOT EXISTS `pre_cate` (
  `cate_id` int(11) NOT NULL AUTO_INCREMENT COMMENT '分类主键',
  `cate_name` varchar(150) NOT NULL COMMENT '分类名称',
  PRIMARY KEY (`cate_id`)
) ENGINE=MyISAM  DEFAULT CHARSET=utf8 COMMENT='文章分类表' AUTO_INCREMENT=6 ;

--
-- 转存表中的数据 `pre_cate`
--

INSERT INTO `pre_cate` (`cate_id`, `cate_name`) VALUES
(1, '关于我们'),
(2, '产品中心'),
(3, '新闻动态'),
(4, '产品应用'),
(5, '联系我们');

-- --------------------------------------------------------

--
-- 表的结构 `pre_tag`
--

CREATE TABLE IF NOT EXISTS `pre_tag` (
  `tag_id` int(11) NOT NULL AUTO_INCREMENT COMMENT '标签主键',
  `tag_name` varchar(100) NOT NULL COMMENT '标签名称',
  `tag_title` varchar(255) NOT NULL COMMENT '标题',
  `tag_img` varchar(255) NOT NULL COMMENT '图片',
  `cate_id` int(11) NOT NULL COMMENT '分类外键',
  PRIMARY KEY (`tag_id`)
) ENGINE=MyISAM  DEFAULT CHARSET=utf8 COMMENT='标签表' AUTO_INCREMENT=21 ;

--
-- 转存表中的数据 `pre_tag`
--

INSERT INTO `pre_tag` (`tag_id`, `tag_name`, `tag_title`, `tag_img`, `cate_id`) VALUES
(1, '公司简介', '', '', 1),
(2, '企业文化', '', '', 1),
(3, '经营理念', '', '', 1),
(4, '发展历程', '', '', 1),
(5, '社会责任', '', '', 1),
(6, '芯片封装', '优越品质 绿色环保', 'assets/home/images/index_nav01.png', 2),
(7, 'LED电源', '专业技术 高效耐用', 'assets/home/images/index_nav02.png', 2),
(8, 'LED灯具', '领先科技 节能高效', 'assets/home/images/index_nav03.png', 2),
(9, '通讯模块', '超强信号 优质体验', 'assets/home/images/index_nav04.png', 2),
(10, '公司新闻', '', '', 3),
(11, '产品资讯', '', '', 3),
(12, '营销动态', '', '', 3),
(13, '照明应用', '', '', 4),
(14, '场景体验', '', '', 4),
(15, '照明案例', '', '', 4),
(16, '联系我们', '', '', 5),
(19, 'ahuah', '', '', 5);

/*!40101 SET CHARACTER_SET_CLIENT=@OLD_CHARACTER_SET_CLIENT */;
/*!40101 SET CHARACTER_SET_RESULTS=@OLD_CHARACTER_SET_RESULTS */;
/*!40101 SET COLLATION_CONNECTION=@OLD_COLLATION_CONNECTION */;
